{
  "createdUtc": "0001-01-01T00:00:00Z",
  "regexTypes": [
    {
      "regExPattern": "\\b[1-5]\\b",
      "customTypeSchema": "RegexPattern",
      "id": "new_customtype_409d05a1bf964ea8b0fa864e888afd0d_92610204747047ac8f788f7eecd91118",
      "displayName": "CSAT Rating",
      "createdTime": "2019-01-15T00:00:00Z",
      "updatedTime": "2019-01-15T00:00:00Z",
      "createdUserId": "user0",
      "updatedUserId": "user0",
      "versionNumber": 0,
      "componentId": "00000000-0000-0000-0000-000000000000"
    }
  ]
}