{
  "properties": {
    "connectionReferences": {
      "shared_saperp": {
        "runtimeSource": "invoker",
        "connection": {
          "connectionReferenceLogicalName": "new_sharedsaperp_3572e"
        },
        "api": {
          "name": "shared_saperp"
        }
      }
    },
    "definition": {
      "$schema": "https://schema.management.azure.com/providers/Microsoft.Logic/schemas/2016-06-01/workflowdefinition.json#",
      "contentVersion": "1.0.0.0",
      "parameters": {
        "$connections": {
          "defaultValue": {},
          "type": "Object"
        },
        "$authentication": {
          "defaultValue": {},
          "type": "SecureObject"
        },
        "SAPERPSettings (new_SAPERPSettings)": {
          "defaultValue": "{\"AppServerHost\": \"20.123.153.182\", \"Client\": \"001\", \"SystemNumber\": \"00\", \"LogonType\": \"ApplicationServer\", \"SncLibraryPath\": \"C:\\\\Program Files\\\\On-premises data gateway\\\\sapcrypto.dll\", \"SncPartnerName\": \"p:CN=A4H\", \"SncQOP\": \"Default\", \"SncSso\": \"On\", \"SystemID\": \"A4H\", \"UseSnc\": \"true\" }",
          "type": "String",
          "metadata": {
            "schemaName": "new_SAPERPSettings"
          }
        }
      },
      "triggers": {
        "manual": {
          "metadata": {
            "operationMetadataId": "573d10a9-592e-4ea0-a1ec-3a3ec5ee9721"
          },
          "type": "Request",
          "kind": "PowerApp",
          "inputs": {
            "schema": {
              "type": "object",
              "properties": {
                "CallSAPfunction(V2)-BAPIEPMPRODUCTGETDETAIL_PRODUCT_IDPRODUCT_ID": {
                  "type": "string"
                }
              },
              "required": [
                "CallSAPfunction(V2)-BAPIEPMPRODUCTGETDETAIL_PRODUCT_IDPRODUCT_ID"
              ]
            }
          }
        }
      },
      "actions": {
        "Initialize_search_result_variable": {
          "runAfter": {},
          "metadata": {
            "operationMetadataId": "53011501-d47d-4488-b6f1-f4db66a12b7c"
          },
          "type": "InitializeVariable",
          "inputs": {
            "variables": [
              {
                "name": "searchResult",
                "type": "string"
              }
            ]
          }
        },
        "Call_SAP_function_(V2)_-_BAPI_EPM_PRODUCT_GET_DETAIL": {
          "runAfter": {
            "Initialize_search_result_variable": [
              "Succeeded"
            ]
          },
          "limit": {
            "timeout": "PT1M"
          },
          "metadata": {
            "operationMetadataId": "f8310891-1b4b-4dce-aea2-3e3ee7812818"
          },
          "type": "OpenApiConnection",
          "inputs": {
            "host": {
              "connectionName": "shared_saperp",
              "operationId": "CallRfcJson",
              "apiId": "/providers/Microsoft.PowerApps/apis/shared_saperp"
            },
            "parameters": {
              "x-ms-sap-system": "@parameters('SAPERPSettings (new_SAPERPSettings)')",
              "rfcName": "BAPI_EPM_PRODUCT_GET_DETAIL:EPM: BAPI 'Get detail data for a specific product':SEPM_PRODUCT_BAPI",
              "rfcGroupFilter": "*",
              "autoCommit": false,
              "rfcInputs/PRODUCT_ID/PRODUCT_ID": "@triggerBody()['CallSAPfunction(V2)-BAPIEPMPRODUCTGETDETAIL_PRODUCT_IDPRODUCT_ID']"
            },
            "retryPolicy": {
              "type": "fixed",
              "count": 1,
              "interval": "PT20S"
            },
            "authentication": {
              "value": "@json(decodeBase64(triggerOutputs().headers['X-MS-APIM-Tokens']))['$ConnectionKey']",
              "type": "Raw"
            }
          }
        },
        "Successful_BAPI_Call": {
          "actions": {
            "Parse_BAPI_Response": {
              "runAfter": {},
              "metadata": {
                "operationMetadataId": "57259fe4-50c7-45f3-a12c-9b9a53a29481"
              },
              "type": "ParseJson",
              "inputs": {
                "content": "@body('Call_SAP_function_(V2)_-_BAPI_EPM_PRODUCT_GET_DETAIL')",
                "schema": {
                  "type": "object",
                  "properties": {
                    "HEADERDATA": {
                      "type": "object",
                      "properties": {
                        "PRODUCT_ID": {
                          "type": "string"
                        },
                        "TYPE_CODE": {
                          "type": "string"
                        },
                        "CATEGORY": {
                          "type": "string"
                        },
                        "NAME": {
                          "type": "string"
                        },
                        "DESCRIPTION": {
                          "type": "string"
                        },
                        "SUPPLIER_ID": {
                          "type": "string"
                        },
                        "SUPPLIER_NAME": {
                          "type": "string"
                        },
                        "TAX_TARIF_CODE": {
                          "type": "integer"
                        },
                        "MEASURE_UNIT": {
                          "type": "string"
                        },
                        "WEIGHT_MEASURE": {
                          "type": "string"
                        },
                        "WEIGHT_UNIT": {
                          "type": "string"
                        },
                        "PRICE": {
                          "type": "string"
                        },
                        "CURRENCY_CODE": {
                          "type": "string"
                        },
                        "WIDTH": {
                          "type": "string"
                        },
                        "DEPTH": {
                          "type": "string"
                        },
                        "HEIGHT": {
                          "type": "string"
                        },
                        "DIM_UNIT": {
                          "type": "string"
                        },
                        "PRODUCT_PIC_URL": {
                          "type": "string"
                        }
                      }
                    },
                    "CONVERSION_FACTORS": {
                      "type": "array",
                      "items": {
                        "type": "object",
                        "properties": {
                          "PRODUCT_ID": {
                            "type": "string"
                          },
                          "SOURCE_UNIT": {
                            "type": "string"
                          },
                          "TARGET_UNIT": {
                            "type": "string"
                          },
                          "NUMERATOR": {
                            "type": "integer"
                          },
                          "DENOMINATOR": {
                            "type": "integer"
                          }
                        },
                        "required": [
                          "PRODUCT_ID",
                          "SOURCE_UNIT",
                          "TARGET_UNIT",
                          "NUMERATOR",
                          "DENOMINATOR"
                        ]
                      }
                    },
                    "RETURN": {
                      "type": "array"
                    }
                  }
                }
              }
            },
            "Check_for_no_error_messages_in_BAPI_response": {
              "actions": {
                "Return_price": {
                  "runAfter": {},
                  "metadata": {
                    "operationMetadataId": "628bdb49-9273-4d71-80f4-73fa117ca203"
                  },
                  "type": "SetVariable",
                  "inputs": {
                    "name": "searchResult",
                    "value": "@{concat('Price: ', body('Parse_BAPI_Response')?['HEADERDATA']?['PRICE'])}"
                  }
                }
              },
              "runAfter": {
                "Parse_BAPI_Response": [
                  "Succeeded"
                ]
              },
              "else": {
                "actions": {
                  "Filter_Return_array": {
                    "runAfter": {},
                    "metadata": {
                      "operationMetadataId": "0e4f5f42-7ae3-432c-8d06-6e4fb648cefd"
                    },
                    "type": "Query",
                    "inputs": {
                      "from": "@body('Parse_BAPI_Response')?['RETURN']",
                      "where": "@equals(item()['TYPE'], 'E')"
                    }
                  },
                  "Return_warning": {
                    "runAfter": {
                      "Filter_Return_array": [
                        "Succeeded"
                      ]
                    },
                    "metadata": {
                      "operationMetadataId": "508e28e9-d8b2-4843-8ced-e3431b572672"
                    },
                    "type": "SetVariable",
                    "inputs": {
                      "name": "searchResult",
                      "value": "@{concat('Error: ', body('Filter_Return_array')?[0]?['MESSAGE_V1'])}"
                    }
                  }
                }
              },
              "expression": {
                "equals": [
                  "@empty(body('Parse_BAPI_Response')?['RETURN'])",
                  "@true"
                ]
              },
              "metadata": {
                "operationMetadataId": "10625dd8-dcd6-41b1-a01f-c09ddf9bde12"
              },
              "type": "If"
            }
          },
          "runAfter": {
            "Call_SAP_function_(V2)_-_BAPI_EPM_PRODUCT_GET_DETAIL": [
              "Succeeded"
            ]
          },
          "metadata": {
            "operationMetadataId": "b58007af-7c64-409f-bbfc-9208cca50dc5"
          },
          "type": "Scope"
        },
        "Error_4xx_and_5xx_handling": {
          "actions": {
            "Parse_JSON": {
              "runAfter": {},
              "metadata": {
                "operationMetadataId": "0be0481a-b6f6-43a3-b73b-47bbaa191aa5"
              },
              "type": "ParseJson",
              "inputs": {
                "content": "@body('Call_SAP_function_(V2)_-_BAPI_EPM_PRODUCT_GET_DETAIL')",
                "schema": {
                  "type": "object",
                  "properties": {
                    "error": {
                      "type": "object",
                      "properties": {
                        "code": {
                          "type": "integer"
                        },
                        "source": {
                          "type": "string"
                        },
                        "clientRequestId": {
                          "type": "string"
                        },
                        "message": {
                          "type": "string"
                        },
                        "innerError": {
                          "type": "object",
                          "properties": {
                            "error": {
                              "type": "object",
                              "properties": {
                                "code": {
                                  "type": "string"
                                },
                                "message": {
                                  "type": "string"
                                },
                                "target": {
                                  "type": "string"
                                }
                              }
                            }
                          }
                        }
                      }
                    }
                  }
                }
              }
            },
            "Return_error_message": {
              "runAfter": {
                "Parse_JSON": [
                  "Succeeded"
                ]
              },
              "metadata": {
                "operationMetadataId": "cfee89ab-19ec-4a5c-98a7-ccf089a3a471"
              },
              "type": "SetVariable",
              "inputs": {
                "name": "searchResult",
                "value": "@{concat('Error: ', body('Parse_JSON')?['error']?['innerError']?['error']?['message'])}"
              }
            }
          },
          "runAfter": {
            "Successful_BAPI_Call": [
              "Failed",
              "Skipped",
              "TimedOut"
            ]
          },
          "metadata": {
            "operationMetadataId": "351d3d4e-695a-4e2f-b6bf-4ea844c7b008"
          },
          "type": "Scope"
        },
        "Respond_to_a_PowerApp": {
          "runAfter": {
            "Error_4xx_and_5xx_handling": [
              "Succeeded",
              "Failed",
              "Skipped",
              "TimedOut"
            ]
          },
          "metadata": {
            "operationMetadataId": "3184fe55-627c-412a-9ba4-36c3bc926431"
          },
          "type": "Response",
          "kind": "PowerApp",
          "inputs": {
            "statusCode": 200,
            "body": {
              "searchresult": "@variables('searchResult')"
            },
            "schema": {
              "type": "object",
              "properties": {
                "searchresult": {
                  "title": "searchResult",
                  "x-ms-dynamically-added": true,
                  "type": "string"
                }
              }
            }
          }
        }
      },
      "outputs": {}
    },
    "templateName": ""
  },
  "schemaVersion": "1.0.0.0"
}