{"properties":{"connectionReferences":{"shared_webcontents_1":{"runtimeSource":"embedded","connection":{"connectionReferenceLogicalName":"new_sharedwebcontents_5676e"},"api":{"name":"shared_webcontents"}}},"definition":{"$schema":"https://schema.management.azure.com/providers/Microsoft.Logic/schemas/2016-06-01/workflowdefinition.json#","contentVersion":"1.0.0.0","parameters":{"$connections":{"defaultValue":{},"type":"Object"},"$authentication":{"defaultValue":{},"type":"SecureObject"},"SAPODataServicePath":{"defaultValue":"/sap/opu/odata/sap/ZPRODUCTSVIEW_CDS/ZPRODUCTSVIEW","type":"String","metadata":{"schemaName":"new_SAPODataServicePath"}}},"triggers":{"manual":{"metadata":{"operationMetadataId":"aa1c21cf-65f9-4148-b8a3-aede609d676c"},"type":"Request","kind":"VirtualAgent","inputs":{"schema":{"type":"object","properties":{"text":{"title":"sapToken","type":"string","x-ms-dynamically-added":true,"description":"Eingabe eingeben","x-ms-content-hint":"TEXT"},"text_1":{"title":"productID","type":"string","x-ms-dynamically-added":true,"description":"Eingabe eingeben","x-ms-content-hint":"TEXT"}},"required":["text","text_1"]}}}},"actions":{"Return_value(s)_to_Power_Virtual_Agents":{"runAfter":{"Loop_result_set":["Succeeded"]},"metadata":{"operationMetadataId":"a4640510-c407-453f-9e11-d37ba0badb00"},"type":"Response","kind":"VirtualAgent","inputs":{"statusCode":200,"body":{"result":"@variables('result')"},"schema":{"type":"object","properties":{"result":{"title":"result","x-ms-dynamically-added":true,"type":"string"}}}}},"Call_SAP_OData_Service":{"runAfter":{},"metadata":{"operationMetadataId":"de46808c-e350-4999-bd33-654a39495deb"},"type":"OpenApiConnection","inputs":{"host":{"connectionName":"shared_webcontents_1","operationId":"InvokeHttp","apiId":"/providers/Microsoft.PowerApps/apis/shared_webcontents"},"parameters":{"request/method":"GET","request/url":"@{parameters('SAPODataServicePath')}?$filter=substringof('@{triggerBody()['text_1']}',Product)&$format=json","request/headers":{"Authorization":"Bearer @{triggerBody()['text']}","Accept":"application/json"}},"authentication":"@parameters('$authentication')"}},"Parse_OData_Response":{"runAfter":{"Call_SAP_OData_Service":["Succeeded"]},"metadata":{"operationMetadataId":"68f39a3f-dce6-41c5-8f4c-7beff067ff78"},"type":"ParseJson","inputs":{"content":"@outputs('Call_SAP_OData_Service')?['body']","schema":{"type":"object","properties":{"d":{"type":"object","properties":{"results":{"type":"array","items":{"type":"object","properties":{"__metadata":{"type":"object","properties":{"id":{"type":"string"},"uri":{"type":"string"},"type":{"type":"string"}}},"ProductUUID":{"type":"string"},"Product":{"type":"string"},"ProductType":{"type":"string"},"ProductCategory":{"type":"string"},"Price":{"type":"string"},"Currency":{"type":"string"},"Height":{"type":"string"},"Width":{"type":"string"},"Depth":{"type":"string"},"DimensionUnit":{"type":"string"},"ProductPictureURL":{"type":"string"},"SupplierUUID":{"type":"string"},"Weight":{"type":"string"},"WeightUnit":{"type":"string"}},"required":["__metadata","ProductUUID","Product","ProductType","ProductCategory","Price","Currency","Height","Width","Depth","DimensionUnit","ProductPictureURL","SupplierUUID","Weight","WeightUnit"]}}}}}}}},"Initialize_result_set":{"runAfter":{"Parse_OData_Response":["Succeeded"]},"metadata":{"operationMetadataId":"4e250057-b6d1-4292-ac46-099a53a0d87a"},"type":"InitializeVariable","inputs":{"variables":[{"name":"result","type":"string"}]}},"Loop_result_set":{"foreach":"@body('Parse_OData_Response')?['d']?['results']","actions":{"Append_to_result_set":{"runAfter":{},"metadata":{"operationMetadataId":"26952868-0223-4543-95e8-4ac1d6222ceb"},"type":"AppendToStringVariable","inputs":{"name":"result","value":"@{items('Loop_result_set')?['Product']} (@{items('Loop_result_set')?['ProductCategory']}, @{items('Loop_result_set')?['Price']} @{items('Loop_result_set')?['Currency']}) "}}},"runAfter":{"Initialize_result_set":["Succeeded"]},"metadata":{"operationMetadataId":"4c1fa1d1-c229-4953-b0fd-8b60f84af23e"},"type":"Foreach"}},"outputs":{}}},"schemaVersion":"1.0.0.0"}