{"properties":{"connectionReferences":{"shared_webcontents_1":{"runtimeSource":"embedded","connection":{},"api":{"name":"shared_webcontents"}},"shared_azuretables":{"runtimeSource":"embedded","connection":{},"api":{"name":"shared_azuretables"}}},"definition":{"$schema":"https://schema.management.azure.com/providers/Microsoft.Logic/schemas/2016-06-01/workflowdefinition.json#","contentVersion":"1.0.0.0","parameters":{"$connections":{"defaultValue":{},"type":"Object"},"$authentication":{"defaultValue":{},"type":"SecureObject"}},"triggers":{"manual":{"type":"Request","kind":"VirtualAgent","inputs":{"schema":{"type":"object","properties":{"text":{"title":"sapToken","type":"string","x-ms-dynamically-added":true,"description":"Eingabe eingeben","x-ms-content-hint":"TEXT"},"text_1":{"title":"productID","type":"string","x-ms-dynamically-added":true,"description":"Eingabe eingeben","x-ms-content-hint":"TEXT"}},"required":["text","text_1"]}}}},"actions":{"Return_value(s)_to_Power_Virtual_Agents":{"runAfter":{"Loop_result_set":["Succeeded"]},"type":"Response","kind":"VirtualAgent","inputs":{"statusCode":200,"body":{"result":"@variables('result')"},"schema":{"type":"object","properties":{"result":{"title":"result","x-ms-dynamically-added":true,"type":"string"}}}}},"Call_SAP_OData_Service":{"runAfter":{"SetServicePath":["Succeeded"]},"type":"OpenApiConnection","inputs":{"host":{"connectionName":"shared_webcontents_1","operationId":"InvokeHttp","apiId":"/providers/Microsoft.PowerApps/apis/shared_webcontents"},"parameters":{"request/method":"GET","request/url":"@{body('SetServicePath')[0].Value}?$filter=substringof('@{triggerBody()['text_1']}',Product)&$format=json","request/headers":{"Authorization":"Bearer @{triggerBody()['text']}","Accept":"application/json"}},"authentication":"@parameters('$authentication')"}},"Parse_OData_Response":{"runAfter":{"Call_SAP_OData_Service":["Succeeded"]},"type":"ParseJson","inputs":{"content":"@outputs('Call_SAP_OData_Service')?['body']","schema":{"type":"object","properties":{"d":{"type":"object","properties":{"results":{"type":"array","items":{"type":"object","properties":{"__metadata":{"type":"object","properties":{"id":{"type":"string"},"uri":{"type":"string"},"type":{"type":"string"}}},"ProductUUID":{"type":"string"},"Product":{"type":"string"},"ProductType":{"type":"string"},"ProductCategory":{"type":"string"},"Price":{"type":"string"},"Currency":{"type":"string"},"Height":{"type":"string"},"Width":{"type":"string"},"Depth":{"type":"string"},"DimensionUnit":{"type":"string"},"ProductPictureURL":{"type":"string"},"SupplierUUID":{"type":"string"},"Weight":{"type":"string"},"WeightUnit":{"type":"string"}},"required":["__metadata","ProductUUID","Product","ProductType","ProductCategory","Price","Currency","Height","Width","Depth","DimensionUnit","ProductPictureURL","SupplierUUID","Weight","WeightUnit"]}}}}}}}},"Initialize_result_set":{"runAfter":{"Parse_OData_Response":["Succeeded"]},"type":"InitializeVariable","inputs":{"variables":[{"name":"result","type":"string"}]}},"LoadConfig":{"runAfter":{},"type":"OpenApiConnection","inputs":{"host":{"connectionName":"shared_azuretables","operationId":"GetEntities","apiId":"/providers/Microsoft.PowerApps/apis/shared_azuretables"},"parameters":{"tableName":"ConfigSettings","$select":"RowKey, Value"},"authentication":"@parameters('$authentication')"}},"SetServicePath":{"runAfter":{"LoadConfig":["Succeeded"]},"type":"Query","inputs":{"from":"@outputs('LoadConfig')?['body/value']","where":"@equals(item()?['RowKey'], 'SAPODataServicePath')"}},"Loop_result_set":{"foreach":"@body('Parse_OData_Response')?['d']?['results']","actions":{"Append_to_result_set":{"runAfter":{},"type":"AppendToStringVariable","inputs":{"name":"result","value":"@{items('Loop_result_set')?['Product']} (@{items('Loop_result_set')?['ProductCategory']}, @{items('Loop_result_set')?['Price']} @{items('Loop_result_set')?['Currency']}) "}}},"runAfter":{"Initialize_result_set":["Succeeded"]},"type":"Foreach"}},"outputs":{}}},"schemaVersion":"1.0.0.0"}