{"properties":{"connectionReferences":{"shared_webcontents":{"runtimeSource":"embedded","connection":{"connectionReferenceLogicalName":"new_sharedwebcontents_79be4"},"api":{"name":"shared_webcontents"}}},"definition":{"$schema":"https://schema.management.azure.com/providers/Microsoft.Logic/schemas/2016-06-01/workflowdefinition.json#","contentVersion":"1.0.0.0","parameters":{"$connections":{"defaultValue":{},"type":"Object"},"$authentication":{"defaultValue":{},"type":"SecureObject"},"SAPClientID":{"defaultValue":"CHATBOT","type":"String","metadata":{"schemaName":"new_SAPClientID"}},"SAPOAuthScope":{"defaultValue":"ZPRODUCTSVIEW_CDS_0001","type":"String","metadata":{"schemaName":"new_SAPOAuthScope"}},"BotAppClientID":{"defaultValue":"ef90efd9-6ccb-47c4-a6d0-bd557c5b302e","type":"String","metadata":{"schemaName":"new_BotAppClientID"}},"BotAppClientSecret":{"defaultValue":"u1D7Q~gfygtNUjJ359mZLi46h4iShdLwvwy7Y","type":"String","metadata":{"schemaName":"new_BotAppClientSecret"}},"TenantID":{"defaultValue":"85642982-0095-4777-a3e2-147c5c95af60","type":"String","metadata":{"schemaName":"new_TenantID"}},"SAPApplicationIDURI (new_Resource)":{"defaultValue":"https://a4h","type":"String","metadata":{"schemaName":"new_Resource"}}},"triggers":{"manual":{"metadata":{"operationMetadataId":"3b6a0183-c3b6-4dec-a3f6-5016bbabe197"},"type":"Request","kind":"VirtualAgent","inputs":{"schema":{"type":"object","properties":{"text":{"title":"AADJWT","type":"string","x-ms-dynamically-added":true,"description":"Eingabe eingeben","x-ms-content-hint":"TEXT"}},"required":[]}}}},"actions":{"Return_value(s)_to_Power_Virtual_Agents":{"runAfter":{"Parse_SAP_Token_Response":["Succeeded"]},"metadata":{"operationMetadataId":"31ea46d7-b4b7-4e42-b98e-412f19dbdfe6"},"type":"Response","kind":"VirtualAgent","inputs":{"statusCode":200,"body":{"saptoken":"@body('Parse_SAP_Token_Response')?['access_token']"},"schema":{"type":"object","properties":{"saptoken":{"title":"SAPToken","x-ms-dynamically-added":true,"type":"string"}}}}},"Parse_SAP_Token_Response":{"runAfter":{"Get_SAP_Token":["Succeeded"]},"metadata":{"operationMetadataId":"92ddda75-661d-448c-b277-51310c94b686"},"type":"ParseJson","inputs":{"content":"@outputs('Get_SAP_Token')?['body']","schema":{"type":"object","properties":{"access_token":{"type":"string"},"token_type":{"type":"string"},"expires_in":{"type":"string"},"scope":{"type":"string"}}}}},"Exchange_AAD_JWT_to_AAD_SAML_Assertion":{"runAfter":{},"metadata":{"operationMetadataId":"3b650aad-c742-4ae2-8185-ef994e7235ec"},"type":"Http","inputs":{"method":"POST","uri":"https://login.microsoftonline.com/@{parameters('TenantID')}/oauth2/v2.0/token","headers":{"Content-Type":"application/x-www-form-urlencoded"},"body":"assertion=@{triggerBody()?['text']}&grant_type=urn:ietf:params:oauth:grant-type:jwt-bearer&client_id=@{parameters('BotAppClientID')}&client_secret=@{parameters('BotAppClientSecret')}&scope=@{parameters('SAPApplicationIDURI (new_Resource)')}/user_impersonation&requested_token_use=on_behalf_of&requested_token_type=urn:ietf:params:oauth:token-type:saml2"}},"Parse_AAD_Token_Response":{"runAfter":{"Exchange_AAD_JWT_to_AAD_SAML_Assertion":["Succeeded"]},"metadata":{"operationMetadataId":"bf97c870-3d48-419c-a31f-2337cfebf2e9"},"type":"ParseJson","inputs":{"content":"@body('Exchange_AAD_JWT_to_AAD_SAML_Assertion')","schema":{"type":"object","properties":{"token_type":{"type":"string"},"expires_in":{"type":"integer"},"ext_expires_in":{"type":"integer"},"access_token":{"type":"string"},"issued_token_type":{"type":"string"},"refresh_token":{"type":"string"}}}}},"Get_SAP_Token":{"runAfter":{"Parse_AAD_Token_Response":["Succeeded"]},"metadata":{"operationMetadataId":"67d52fba-c435-4c1e-8417-0f2eeab4988f"},"type":"OpenApiConnection","inputs":{"host":{"connectionName":"shared_webcontents","operationId":"InvokeHttp","apiId":"/providers/Microsoft.PowerApps/apis/shared_webcontents"},"parameters":{"request/method":"POST","request/url":"/sap-a4h/sap/bc/sec/oauth2/token","request/headers":{"Content-Type":"application/x-www-form-urlencoded"},"request/body":"assertion=@{body('Parse_AAD_Token_Response')?['access_token']}&client_id=@{parameters('SAPClientID')}&grant_type=urn:ietf:params:oauth:grant-type:saml2-bearer&scope=@{parameters('SAPOAuthScope')}"},"authentication":"@parameters('$authentication')"}}},"outputs":{}}},"schemaVersion":"1.0.0.0"}