{"properties":{"connectionReferences":{"shared_webcontents_1":{"runtimeSource":"embedded","connection":{},"api":{"name":"shared_webcontents"}}},"definition":{"$schema":"https://schema.management.azure.com/providers/Microsoft.Logic/schemas/2016-06-01/workflowdefinition.json#","contentVersion":"1.0.0.0","parameters":{"$connections":{"defaultValue":{},"type":"Object"},"$authentication":{"defaultValue":{},"type":"SecureObject"},"SAPClientID":{"defaultValue":"CHATBOT","type":"String","metadata":{"schemaName":"new_SAPClientID"}},"SAPOAuthScope":{"defaultValue":"ZPRODUCTSVIEW_CDS_0001","type":"String","metadata":{"schemaName":"new_SAPOAuthScope"}},"BotAppClientID":{"defaultValue":"ef90efd9-6ccb-47c4-a6d0-bd557c5b302e","type":"String","metadata":{"schemaName":"new_BotAppClientID"}},"BotAppClientSecret":{"defaultValue":"4Xr549.z_U.Np-CQb991cm4QURL5.YxVGM","type":"String","metadata":{"schemaName":"new_BotAppClientSecret"}},"Resource":{"defaultValue":"https://npl","type":"String","metadata":{"schemaName":"new_Resource"}},"TenantID":{"defaultValue":"85642982-0095-4777-a3e2-147c5c95af60","type":"String","metadata":{"schemaName":"new_TenantID"}}},"triggers":{"manual":{"type":"Request","kind":"VirtualAgent","inputs":{"schema":{"type":"object","properties":{"text":{"title":"AADJWT","type":"string","x-ms-dynamically-added":true,"description":"Eingabe eingeben","x-ms-content-hint":"TEXT"}},"required":[]}}}},"actions":{"Return_value(s)_to_Power_Virtual_Agents":{"runAfter":{"Parse_SAP_Token_Response":["Succeeded"]},"type":"Response","kind":"VirtualAgent","inputs":{"statusCode":200,"body":{"saptoken":"@body('Parse_SAP_Token_Response')?['access_token']"},"schema":{"type":"object","properties":{"saptoken":{"title":"SAPToken","x-ms-dynamically-added":true,"type":"string"}}}}},"Get_SAP_Bearer_Token_with_SAML_Assertion":{"runAfter":{"Parse_AAD_Token_Response":["Succeeded"]},"type":"OpenApiConnection","inputs":{"host":{"connectionName":"shared_webcontents_1","operationId":"InvokeHttp","apiId":"/providers/Microsoft.PowerApps/apis/shared_webcontents"},"parameters":{"request/method":"POST","request/url":"/sap/bc/sec/oauth2/token","request/headers":{"Content-Type":"application/x-www-form-urlencoded"},"request/body":"assertion=@{body('Parse_AAD_Token_Response')?['access_token']}&client_id=@{parameters('SAPClientID')}&grant_type=urn:ietf:params:oauth:grant-type:saml2-bearer&scope=@{parameters('SAPOAuthScope')}"},"authentication":"@parameters('$authentication')","retryPolicy":{"type":"none"}}},"Parse_SAP_Token_Response":{"runAfter":{"Get_SAP_Bearer_Token_with_SAML_Assertion":["Succeeded"]},"type":"ParseJson","inputs":{"content":"@outputs('Get_SAP_Bearer_Token_with_SAML_Assertion')?['body']","schema":{"type":"object","properties":{"access_token":{"type":"string"},"token_type":{"type":"string"},"expires_in":{"type":"string"},"scope":{"type":"string"}}}}},"Exchange_AAD_JWT_to_AAD_SAML_Assertion":{"runAfter":{},"type":"Http","inputs":{"method":"POST","uri":"https://login.microsoftonline.com/@{parameters('TenantID')}/oauth2/token","headers":{"Content-Type":"application/x-www-form-urlencoded"},"body":"assertion=@{triggerBody()?['text']}&grant_type=urn:ietf:params:oauth:grant-type:jwt-bearer&client_id=@{parameters('BotAppClientID')}&client_secret=@{parameters('BotAppClientSecret')}&resource=@{parameters('Resource')}&requested_token_use=on_behalf_of&requested_token_type=urn:ietf:params:oauth:token-type:saml2"}},"Parse_AAD_Token_Response":{"runAfter":{"Exchange_AAD_JWT_to_AAD_SAML_Assertion":["Succeeded"]},"type":"ParseJson","inputs":{"content":"@body('Exchange_AAD_JWT_to_AAD_SAML_Assertion')","schema":{"type":"object","properties":{"token_type":{"type":"string"},"expires_in":{"type":"string"},"ext_expires_in":{"type":"string"},"expires_on":{"type":"string"},"resource":{"type":"string"},"access_token":{"type":"string"},"issued_token_type":{"type":"string"},"refresh_token":{"type":"string"}}}}}},"outputs":{}}},"schemaVersion":"1.0.0.0"}