{"schemaVersion":"1.0","appDefinitionTemplate":{"id":"/providers/Microsoft.PowerApps/apps/","type":"Microsoft.PowerApps/apps","tags":{"primaryDeviceWidth":"1366","primaryDeviceHeight":"768","supportsPortrait":"true","supportsLandscape":"true","primaryFormFactor":"Tablet","publisherVersion":"3.23052.19","minimumRequiredApiVersion":"2.2.0","hasComponent":"false","hasUnlockedComponent":"false","isUnifiedRootApp":"false","sienaVersion":"20230525T211416Z-3.23052.19.0"},"properties":{"appVersion":"2023-05-25T21:14:16Z","lifeCycleId":"Published","createdByClientVersion":{"major":3,"minor":23052,"build":19,"revision":0,"majorRevision":0,"minorRevision":0},"minClientVersion":{"major":3,"minor":23052,"build":19,"revision":0,"majorRevision":0,"minorRevision":0},"backgroundColor":"rgba(255, 255, 255, 1)","backgroundImageUri":"/3529908230671687615/Ne69d3282-7dcc-40df-9b4b-6bde4abdfb51-logoSmallFile","displayName":"SAP Product Search","description":"Search product catalogue in SAP","commitMessage":"","appUris":{"documentUri":{"value":"/3529908230671687615/Na8ecd1c1-786e-4303-bb9d-57975fee7f5d-document.msapp"},"imageUris":[],"additionalUris":[]},"createdTime":"0001-01-01T00:00:00Z","lastModifiedTime":"0001-01-01T00:00:00Z","sharedGroupsCount":0,"sharedUsersCount":0,"connectionReferences":{"914a0534-ec1e-4ad6-aaf9-534eefadddff":{"id":"5f452c55-a7f9-4e7c-95bc-593ea8c53e70","displayName":"Logic flows","iconUri":"https://connectoricons-prod.azureedge.net/releases/v1.0.1636/1.0.1636.3297/logicflows/icon.png","dataSources":["ReadProductDetails"],"dependencies":["6ad8c709-ce8b-4e56-b89d-d4b36d2f6d99"],"dependents":[],"parameterHints":{"workflowName":{"value":"9a6d1790-9d53-4064-9531-de0191132406"},"workflowEntityId":{},"6ad8c709-ce8b-4e56-b89d-d4b36d2f6d99":{"value":"shared_saperp"}},"parameterHintsV2":{"workflowName":{"value":"9a6d1790-9d53-4064-9531-de0191132406"},"workflowEntityId":{},"shared_saperp":{"value":"6ad8c709-ce8b-4e56-b89d-d4b36d2f6d99"}},"isOnPremiseConnection":false,"bypassConsent":false,"dataSets":{},"apiTier":"Standard","isCustomApiConnection":false,"actions":["Run"],"nestedActions":[{"id":"/providers/Microsoft.PowerApps/apis/shared_saperp/apiOperations/CallRfcJson","apiName":"SAP ERP","actionName":"CallRfcJson","referencedResources":[]}]},"6ad8c709-ce8b-4e56-b89d-d4b36d2f6d99":{"id":"bd87d623-eb9c-4926-b39e-97732ab9e114","displayName":"SAP ERP","iconUri":"https://connectoricons-prod.azureedge.net/releases/v1.0.1637/1.0.1637.3300/saperp/icon.png","dataSources":[],"dependencies":[],"dependents":["914a0534-ec1e-4ad6-aaf9-534eefadddff"],"parameterHints":{},"parameterHintsV2":{},"gatewayObjectIdHint":"264ccc55-dd56-4586-80f6-e6b501aaf468","isOnPremiseConnection":true,"bypassConsent":false,"dataSets":{},"apiTier":"Premium","isCustomApiConnection":false,"authenticationType":"OAuthSso"}},"databaseReferences":{},"almMode":"Environment","performanceOptimizationEnabled":true,"canConsumeAppPass":true,"enableModernRuntimeMode":false,"executionRestrictions":{"isTeamsOnly":false,"dataLossPreventionEvaluationResult":{"status":"Compliant","lastEvaluationDate":"2023-05-25T21:14:44.2142762Z","violations":[],"violationsByPolicy":[],"violationErrorMessage":"The app uses the following connectors: shared_logicflows, shared_saperp."},"httpActionRestriction":{"appUsesSharepointHttpAction":false,"enforcementStrategy":"Legacy","evaluationTime":"2023-05-25T21:14:44.2141811Z"}}},"appType":"ClassicCanvasApp","appComponents":[]}}