<botcomponent_workflowset>
  <botcomponent_workflow botcomponentid.schemaname="new_topic_748d60de8fdf4ff08e7376ae9b2fe303" workflowid.workflowid="c923b062-7981-eb11-a812-000d3ada7a54">
    <iscustomizable>1</iscustomizable>
  </botcomponent_workflow>
  <botcomponent_workflow botcomponentid.schemaname="new_topic_748d60de8fdf4ff08e7376ae9b2fe303" workflowid.workflowid="8164380e-6971-eb11-a812-000d3ad96f62">
    <iscustomizable>1</iscustomizable>
  </botcomponent_workflow>
</botcomponent_workflowset>