<ImportExportXml xmlns:xsi="http://www.w3.org/2001/XMLSchema-instance">
  <Entities></Entities>
  <Roles></Roles>
  <Workflows>
    <Workflow WorkflowId="{4e804d5d-76ff-ed11-8f6d-000d3adea15e}" Name="GetProductDetailsFromSAP" Description="Calls BAPI_EPM_PRODUCT_GET_DETAILS">
      <JsonFileName>/Workflows/GetProductDetailsFromSAP-4E804D5D-76FF-ED11-8F6D-000D3ADEA15E.json</JsonFileName>
      <Type>1</Type>
      <Subprocess>0</Subprocess>
      <Category>5</Category>
      <Mode>0</Mode>
      <Scope>4</Scope>
      <OnDemand>0</OnDemand>
      <TriggerOnCreate>0</TriggerOnCreate>
      <TriggerOnDelete>0</TriggerOnDelete>
      <AsyncAutodelete>0</AsyncAutodelete>
      <SyncWorkflowLogOnFailure>0</SyncWorkflowLogOnFailure>
      <StateCode>1</StateCode>
      <StatusCode>2</StatusCode>
      <RunAs>1</RunAs>
      <IsTransacted>1</IsTransacted>
      <IntroducedVersion>1.0.0.0</IntroducedVersion>
      <IsCustomizable>1</IsCustomizable>
      <BusinessProcessType>0</BusinessProcessType>
      <IsCustomProcessingStepAllowedForOtherPublishers>1</IsCustomProcessingStepAllowedForOtherPublishers>
      <PrimaryEntity>none</PrimaryEntity>
      <LocalizedNames>
        <LocalizedName languagecode="1033" description="GetProductDetailsFromSAP" />
      </LocalizedNames>
      <Descriptions>
        <Description languagecode="1033" description="Calls BAPI_EPM_PRODUCT_GET_DETAILS" />
      </Descriptions>
    </Workflow>
  </Workflows>
  <FieldSecurityProfiles></FieldSecurityProfiles>
  <Templates />
  <EntityMaps />
  <EntityRelationships />
  <OrganizationSettings />
  <optionsets />
  <CustomControls />
  <EntityDataProviders />
  <CanvasApps>
    <CanvasApp>
      <Name>new_sapproductsearch_0a3f5</Name>
      <AppVersion>2023-05-31T15:30:41Z</AppVersion>
      <Status>Ready</Status>
      <CreatedByClientVersion>3.23052.29.0</CreatedByClientVersion>
      <MinClientVersion>3.23052.29.0</MinClientVersion>
      <Tags>{"primaryDeviceWidth":"1366","primaryDeviceHeight":"768","supportsPortrait":"true","supportsLandscape":"true","primaryFormFactor":"Tablet","publisherVersion":"3.23052.29","minimumRequiredApiVersion":"2.2.0","hasComponent":"false","hasUnlockedComponent":"false","isUnifiedRootApp":"false","sienaVersion":"20230525T211416Z-3.23052.19.0"}</Tags>
      <IsCdsUpgraded>0</IsCdsUpgraded>
      <GalleryItemId xsi:nil="true"></GalleryItemId>
      <BackgroundColor>rgba(255, 255, 255, 1)</BackgroundColor>
      <DisplayName>SAP Product Search</DisplayName>
      <Description>Search product catalogue in SAP</Description>
      <CommitMessage xsi:nil="true"></CommitMessage>
      <Publisher xsi:nil="true"></Publisher>
      <AuthorizationReferences>[]</AuthorizationReferences>
      <ConnectionReferences>{"b1d6b866-1a49-4447-9d04-dfd6cbb4f2db":{"id":"/providers/microsoft.powerapps/apis/shared_logicflows","displayName":"Logic flows","iconUri":"https://connectoricons-prod.azureedge.net/releases/v1.0.1636/1.0.1636.3297/logicflows/icon.png","dataSources":["GetProductDetailsFromSAP"],"dependencies":["93582a74-6442-41fa-b60f-b2123f38a63a"],"dependents":[],"parameterHints":{"workflowName":{"value":"3e1bcb72-e761-4e41-ae7b-94a5b76997c2"},"workflowEntityId":{"value":"4e804d5d-76ff-ed11-8f6d-000d3adea15e"},"93582a74-6442-41fa-b60f-b2123f38a63a":{"value":"shared_saperp"}},"parameterHintsV2":{"workflowName":{"value":"3e1bcb72-e761-4e41-ae7b-94a5b76997c2"},"workflowEntityId":{"value":"4e804d5d-76ff-ed11-8f6d-000d3adea15e"},"shared_saperp":{"value":"93582a74-6442-41fa-b60f-b2123f38a63a"}},"isOnPremiseConnection":false,"bypassConsent":false,"dataSets":{},"apiTier":"Standard","actions":["Run"]},"93582a74-6442-41fa-b60f-b2123f38a63a":{"id":"/providers/microsoft.powerapps/apis/shared_saperp","displayName":"SAP ERP","iconUri":"https://connectoricons-prod.azureedge.net/releases/v1.0.1637/1.0.1637.3300/saperp/icon.png","dataSources":[],"dependencies":[],"dependents":["b1d6b866-1a49-4447-9d04-dfd6cbb4f2db"],"parameterHints":{},"parameterHintsV2":{},"gatewayObjectIdHint":"264ccc55-dd56-4586-80f6-e6b501aaf468","isOnPremiseConnection":true,"bypassConsent":false,"dataSets":{},"apiTier":"Premium","authenticationType":"OAuthSso"}}</ConnectionReferences>
      <DatabaseReferences>{}</DatabaseReferences>
      <AppComponents>[]</AppComponents>
      <AppComponentDependencies>[]</AppComponentDependencies>
      <CanConsumeAppPass>1</CanConsumeAppPass>
      <CanvasAppType>0</CanvasAppType>
      <BypassConsent>0</BypassConsent>
      <AdminControlBypassConsent>0</AdminControlBypassConsent>
      <EmbeddedApp xsi:nil="true"></EmbeddedApp>
      <IntroducedVersion>1.0</IntroducedVersion>
      <CdsDependencies>{"cdsdependencies":[{"dependencyid":"4e804d5d-76ff-ed11-8f6d-000d3adea15e","componenttype":29,"componenttypeplatformname":"Workflow"}]}</CdsDependencies>
      <IsCustomizable>1</IsCustomizable>
      <BackgroundImageUri>/CanvasApps/new_sapproductsearch_0a3f5_BackgroundImageUri</BackgroundImageUri>
      <DocumentUri>/CanvasApps/new_sapproductsearch_0a3f5_DocumentUri.msapp</DocumentUri>
    </CanvasApp>
  </CanvasApps>
  <connectionreferences>
    <connectionreference connectionreferencelogicalname="new_sharedsaperp_3572e">
      <connectionreferencedisplayname>SAP ERP SAPProductSearchSolution-3572e</connectionreferencedisplayname>
      <connectorid>/providers/Microsoft.PowerApps/apis/shared_saperp</connectorid>
      <iscustomizable>1</iscustomizable>
      <statecode>0</statecode>
      <statuscode>1</statuscode>
    </connectionreference>
  </connectionreferences>
  <Languages>
    <Language>1033</Language>
  </Languages>
</ImportExportXml>