<ImportExportXml xmlns:xsi="http://www.w3.org/2001/XMLSchema-instance">
  <Entities></Entities>
  <Roles></Roles>
  <Workflows>
    <Workflow WorkflowId="{4e804d5d-76ff-ed11-8f6d-000d3adea15e}" Name="GetProductDetailsFromSAP" Description="Calls BAPI_EPM_PRODUCT_GET_DETAILS">
      <JsonFileName>/Workflows/GetProductDetailsFromSAP-4E804D5D-76FF-ED11-8F6D-000D3ADEA15E.json</JsonFileName>
      <Type>1</Type>
      <Subprocess>0</Subprocess>
      <Category>5</Category>
      <Mode>0</Mode>
      <Scope>4</Scope>
      <OnDemand>0</OnDemand>
      <TriggerOnCreate>0</TriggerOnCreate>
      <TriggerOnDelete>0</TriggerOnDelete>
      <AsyncAutodelete>0</AsyncAutodelete>
      <SyncWorkflowLogOnFailure>0</SyncWorkflowLogOnFailure>
      <StateCode>1</StateCode>
      <StatusCode>2</StatusCode>
      <RunAs>1</RunAs>
      <IsTransacted>1</IsTransacted>
      <IntroducedVersion>1.0.0.0</IntroducedVersion>
      <IsCustomizable>1</IsCustomizable>
      <BusinessProcessType>0</BusinessProcessType>
      <IsCustomProcessingStepAllowedForOtherPublishers>1</IsCustomProcessingStepAllowedForOtherPublishers>
      <PrimaryEntity>none</PrimaryEntity>
      <LocalizedNames>
        <LocalizedName languagecode="1033" description="GetProductDetailsFromSAP" />
      </LocalizedNames>
      <Descriptions>
        <Description languagecode="1033" description="Calls BAPI_EPM_PRODUCT_GET_DETAILS" />
      </Descriptions>
    </Workflow>
  </Workflows>
  <FieldSecurityProfiles></FieldSecurityProfiles>
  <Templates />
  <EntityMaps />
  <EntityRelationships />
  <OrganizationSettings />
  <optionsets />
  <CustomControls />
  <EntityDataProviders />
  <CanvasApps>
    <CanvasApp>
      <Name>new_sapproductsearch_0a3f5</Name>
      <AppVersion>2023-05-25T21:14:16Z</AppVersion>
      <Status>Ready</Status>
      <CreatedByClientVersion>3.23052.19.0</CreatedByClientVersion>
      <MinClientVersion>3.23052.19.0</MinClientVersion>
      <Tags>{"primaryDeviceWidth":"1366","primaryDeviceHeight":"768","supportsPortrait":"true","supportsLandscape":"true","primaryFormFactor":"Tablet","publisherVersion":"3.23052.19","minimumRequiredApiVersion":"2.2.0","hasComponent":"false","hasUnlockedComponent":"false","isUnifiedRootApp":"false","sienaVersion":"20230525T211416Z-3.23052.19.0"}</Tags>
      <IsCdsUpgraded>0</IsCdsUpgraded>
      <GalleryItemId xsi:nil="true"></GalleryItemId>
      <BackgroundColor>rgba(255, 255, 255, 1)</BackgroundColor>
      <DisplayName>SAP Product Search</DisplayName>
      <Description>Search product catalogue in SAP</Description>
      <CommitMessage xsi:nil="true"></CommitMessage>
      <Publisher xsi:nil="true"></Publisher>
      <AuthorizationReferences>[]</AuthorizationReferences>
      <ConnectionReferences>{"914a0534-ec1e-4ad6-aaf9-534eefadddff":{"id":"/providers/microsoft.powerapps/apis/shared_logicflows","displayName":"Logic flows","iconUri":"https://connectoricons-prod.azureedge.net/releases/v1.0.1636/1.0.1636.3297/logicflows/icon.png","dataSources":["ReadProductDetails"],"dependencies":["6ad8c709-ce8b-4e56-b89d-d4b36d2f6d99"],"dependents":[],"parameterHints":{"workflowName":{"value":"3ab5310e-ea92-4719-9f64-72c7fa701c18"},"workflowEntityId":{},"6ad8c709-ce8b-4e56-b89d-d4b36d2f6d99":{"value":"shared_saperp"}},"parameterHintsV2":{"workflowName":{"value":"3ab5310e-ea92-4719-9f64-72c7fa701c18"},"workflowEntityId":{},"shared_saperp":{"value":"6ad8c709-ce8b-4e56-b89d-d4b36d2f6d99"}},"isOnPremiseConnection":false,"bypassConsent":false,"dataSets":{},"apiTier":"Standard","actions":["Run"]},"6ad8c709-ce8b-4e56-b89d-d4b36d2f6d99":{"id":"/providers/microsoft.powerapps/apis/shared_saperp","displayName":"SAP ERP","iconUri":"https://connectoricons-prod.azureedge.net/releases/v1.0.1637/1.0.1637.3300/saperp/icon.png","dataSources":[],"dependencies":[],"dependents":["914a0534-ec1e-4ad6-aaf9-534eefadddff"],"parameterHints":{},"parameterHintsV2":{},"gatewayObjectIdHint":"264ccc55-dd56-4586-80f6-e6b501aaf468","isOnPremiseConnection":true,"bypassConsent":false,"dataSets":{},"apiTier":"Premium","authenticationType":"OAuthSso"}}</ConnectionReferences>
      <DatabaseReferences>{}</DatabaseReferences>
      <AppComponents>[]</AppComponents>
      <AppComponentDependencies>[]</AppComponentDependencies>
      <CanConsumeAppPass>1</CanConsumeAppPass>
      <CanvasAppType>0</CanvasAppType>
      <BypassConsent>0</BypassConsent>
      <AdminControlBypassConsent>0</AdminControlBypassConsent>
      <EmbeddedApp xsi:nil="true"></EmbeddedApp>
      <IntroducedVersion>1.0</IntroducedVersion>
      <CdsDependencies>{"cdsdependencies":[]}</CdsDependencies>
      <IsCustomizable>1</IsCustomizable>
      <BackgroundImageUri>/CanvasApps/new_sapproductsearch_0a3f5_BackgroundImageUri</BackgroundImageUri>
      <DocumentUri>/CanvasApps/new_sapproductsearch_0a3f5_DocumentUri.msapp</DocumentUri>
    </CanvasApp>
  </CanvasApps>
  <connectionreferences>
    <connectionreference connectionreferencelogicalname="new_sharedsaperp_3572e">
      <connectionreferencedisplayname>SAP ERP SAPProductSearchSolution-3572e</connectionreferencedisplayname>
      <connectorid>/providers/Microsoft.PowerApps/apis/shared_saperp</connectorid>
      <iscustomizable>1</iscustomizable>
      <statecode>0</statecode>
      <statuscode>1</statuscode>
    </connectionreference>
  </connectionreferences>
  <Languages>
    <Language>1033</Language>
  </Languages>
</ImportExportXml>