<environmentvariabledefinition schemaname="new_SAPERPSettings">
  <defaultvalue>{"AppServerHost": "20.123.153.182", "Client": "001", "SystemNumber": "00", "LogonType": "ApplicationServer", "SncLibraryPath": "C:\\Program Files\\On-premises data gateway\\sapcrypto.dll", "SncPartnerName": "p:CN=A4H", "SncQOP": "Default", "SncSso": "On", "SystemID": "A4H", "UseSnc": "true" }</defaultvalue>
  <displayname default="SAPERPSettings">
    <label description="SAPERPSettings" languagecode="1033" />
  </displayname>
  <introducedversion>1.0.0.0</introducedversion>
  <iscustomizable>1</iscustomizable>
  <isrequired>0</isrequired>
  <secretstore>0</secretstore>
  <type>100000000</type>
</environmentvariabledefinition>