{
  "intents": [
    {
      "systemIntentTypes": [
        "Goodbye"
      ],
      "intentType": "System",
      "triggerQueries": [
        "Bye",
        "Bye bye thanks again",
        "Bye for now",
        "Bye now",
        "Bye until later!",
        "Glad to talk to you also. Have a nice day.",
        "Good bye",
        "Have a good day",
        "Have a good night",
        "Have a great day",
        "Have a great day. You're doing fine.",
        "Have a nice day",
        "Have a wonderful day :)",
        "I have no problems. Good bye.",
        "I will do something later. Thanks, Goodbye",
        "I will need to talk to you later.",
        "Nice to talk to you too.bye.",
        "No thank you have a good night",
        "No thank you good bye",
        "No thank you, bye",
        "No thank you. Goodbye.",
        "No thanks! Have a nice day!",
        "No, thank you. Have a nice day!",
        "No, thanks for your help, good-bye.",
        "No, thanks very much. Have a nice day.",
        "None of the above. Goodbye",
        "Nope i'm all good thanks and goodbye",
        "Nope thank you have a nice day bye",
        "Nope. Bye Bye.",
        "Not at the moment. Thanks and have a nice day.",
        "Not helpful. Goodbye.",
        "Ok thanks and have a great day",
        "Ok thanks see u later",
        "Perfect! Have a great day!",
        "Same here. Have a great day",
        "Same here. Bye for now...",
        "See you again",
        "See you later",
        "Sorry bye thx for the help",
        "Sorry I got a go to work have a great day",
        "Sorry i have to go. Bye",
        "Take care and have a great day",
        "Thank for talking me have a nice day",
        "Thank you Bye",
        "Thank you and goodbye!",
        "Thank you and have a great day",
        "Thank you by for now thanks for your help,",
        "Thank you for your help! Goodbye!",
        "Thank you have a nice day",
        "Thank you I will have a look",
        "Thank you so much bye bye",
        "Thank you so much. Have a nice day!",
        "Thank you, have a good day.",
        "Thank you, see you later.",
        "Thank you. Goodbye",
        "Thank you. Bye.",
        "Thanks for help good bye",
        "Thanks for helping goodbye",
        "Thanks for your help. Goodbye..",
        "Thanks for your help. Have a great day!!",
        "Thanks good by",
        "Thanks good bye",
        "Thanks, have a good night",
        "Thanks. Goodbye",
        "Thanks. I will end the chat now.",
        "Thanks. I'm fine now. Have a good day.",
        "Thx. Goodbye"
      ],
      "dialogId": "new_topic_409d05a1bf964ea8b0fa864e888afd0d_f56d1a3e522740c78f9fac0939332dbd_goodbye",
      "isTriggeringEnabled": true,
      "id": "new_topic_409d05a1bf964ea8b0fa864e888afd0d_f56d1a3e522740c78f9fac0939332dbd_goodbye",
      "displayName": "Goodbye",
      "description": "System Intent Goodbye",
      "createdTime": "2019-01-15T00:00:00Z",
      "updatedTime": "2019-01-15T00:00:00Z",
      "createdUserId": "user0",
      "updatedUserId": "user0"
    }
  ],
  "dialogs": [
    {
      "rootNodeId": "3ce2158c-ebd3-4e2f-9e15-74432e415182",
      "dialogType": "System",
      "messageNodes": [
        {
          "botMessageId": "026a85be-8cca-4b87-b39f-3639fcfe3383",
          "nodeType": "BotMessageNode",
          "id": "3ce2158c-ebd3-4e2f-9e15-74432e415182"
        }
      ],
      "id": "new_topic_409d05a1bf964ea8b0fa864e888afd0d_f56d1a3e522740c78f9fac0939332dbd_goodbye",
      "displayName": "Dialog for Goodbye",
      "createdTime": "2019-01-15T00:00:00Z",
      "updatedTime": "2019-01-15T00:00:00Z",
      "createdUserId": "user0",
      "updatedUserId": "user0"
    }
  ],
  "botMessages": [
    {
      "channelContent": {
        "web": {
          "contentFormat": "Markdown",
          "content": "Thanks for chatting with me. Bye!"
        }
      },
      "id": "026a85be-8cca-4b87-b39f-3639fcfe3383",
      "createdTime": "2019-01-15T00:00:00Z",
      "updatedTime": "2019-01-15T00:00:00Z",
      "createdUserId": "user0",
      "updatedUserId": "user0"
    }
  ]
}