{
  "namedEntities": [
    {
      "synonyms": [
        "home"
      ],
      "id": "ff0ca6dd-de7a-4bee-b849-16210d63f3c5",
      "displayName": "Home User",
      "updatedTime": "2021-03-25T06:03:47.7440353Z",
      "updatedUserId": "3b877f7a-caae-45e5-8eef-b112a4b49cfa",
      "versionNumber": 0,
      "componentId": "00000000-0000-0000-0000-000000000000"
    },
    {
      "synonyms": [
        "gaming"
      ],
      "id": "2ccf421b-89a6-43a8-8b4f-b8d8f63b58bf",
      "displayName": "Gamer",
      "updatedTime": "2021-03-25T06:03:47.7440353Z",
      "updatedUserId": "3b877f7a-caae-45e5-8eef-b112a4b49cfa",
      "versionNumber": 0,
      "componentId": "00000000-0000-0000-0000-000000000000"
    },
    {
      "synonyms": [
        "business"
      ],
      "id": "2d32734c-9552-47c5-963b-563fe1d9ea7e",
      "displayName": "Business User",
      "updatedTime": "2021-03-25T06:03:47.7440353Z",
      "updatedUserId": "3b877f7a-caae-45e5-8eef-b112a4b49cfa",
      "versionNumber": 0,
      "componentId": "00000000-0000-0000-0000-000000000000"
    }
  ],
  "createdUtc": "0001-01-01T00:00:00Z",
  "closedListTypes": [
    {
      "namedEntities": [
        "ff0ca6dd-de7a-4bee-b849-16210d63f3c5",
        "2ccf421b-89a6-43a8-8b4f-b8d8f63b58bf",
        "2d32734c-9552-47c5-963b-563fe1d9ea7e"
      ],
      "smartMatchingEnabled": true,
      "customTypeSchema": "ClosedList",
      "id": "new_customtype_409d05a1bf964ea8b0fa864e888afd0d_f86fcadfd497444e91ed11c12b059d10",
      "displayName": "Usage Type",
      "description": "Lesson 4 Usage Type Entity",
      "createdTime": "2019-10-25T14:03:43.9601778Z",
      "updatedTime": "2021-03-25T06:03:47.7440353Z",
      "createdUserId": "user0",
      "updatedUserId": "3b877f7a-caae-45e5-8eef-b112a4b49cfa",
      "versionNumber": 0,
      "componentId": "00000000-0000-0000-0000-000000000000"
    }
  ]
}